ID,left_file,right_file,left_category,right_category,left_flicker_Hz,right_flicker_Hz,left_swift_Hz,right_swift_Hz
1,face_01_swift_1000mHz,house_01_swift_1200mHz,face,house,12,15,1,1.2
2,face_01_swift_1200mHz,house_01_swift_1000mHz,face,house,12,15,1.2,1
3,face_01_swift_1000mHz,house_01_swift_1200mHz,face,house,15,12,1,1.2
4,face_01_swift_1200mHz,house_01_swift_1000mHz,face,house,15,12,1.2,1
5,house_01_swift_1200mHz,face_01_swift_1000mHz,house,face,12,15,1.2,1
6,house_01_swift_1000mHz,face_01_swift_1200mHz,house,face,12,15,1,1.2
7,house_01_swift_1200mHz,face_01_swift_1000mHz,house,face,15,12,1.2,1
8,house_01_swift_1000mHz,face_01_swift_1200mHz,house,face,15,12,1,1.2
9,face_02_swift_1000mHz,house_02_swift_1200mHz,face,house,12,15,1,1.2
10,face_02_swift_1200mHz,house_02_swift_1000mHz,face,house,12,15,1.2,1
11,face_02_swift_1000mHz,house_02_swift_1200mHz,face,house,15,12,1,1.2
12,face_02_swift_1200mHz,house_02_swift_1000mHz,face,house,15,12,1.2,1
13,house_02_swift_1200mHz,face_02_swift_1000mHz,house,face,12,15,1.2,1
14,house_02_swift_1000mHz,face_02_swift_1200mHz,house,face,12,15,1,1.2
15,house_02_swift_1200mHz,face_02_swift_1000mHz,house,face,15,12,1.2,1
16,house_02_swift_1000mHz,face_02_swift_1200mHz,house,face,15,12,1,1.2
17,face_03_swift_1000mHz,house_03_swift_1200mHz,face,house,12,15,1,1.2
18,face_03_swift_1200mHz,house_03_swift_1000mHz,face,house,12,15,1.2,1
19,face_03_swift_1000mHz,house_03_swift_1200mHz,face,house,15,12,1,1.2
20,face_03_swift_1200mHz,house_03_swift_1000mHz,face,house,15,12,1.2,1
21,house_03_swift_1200mHz,face_03_swift_1000mHz,house,face,12,15,1.2,1
22,house_03_swift_1000mHz,face_03_swift_1200mHz,house,face,12,15,1,1.2
23,house_03_swift_1200mHz,face_03_swift_1000mHz,house,face,15,12,1.2,1
24,house_03_swift_1000mHz,face_03_swift_1200mHz,house,face,15,12,1,1.2
25,face_04_swift_1000mHz,house_04_swift_1200mHz,face,house,12,15,1,1.2
26,face_04_swift_1200mHz,house_04_swift_1000mHz,face,house,12,15,1.2,1
27,face_04_swift_1000mHz,house_04_swift_1200mHz,face,house,15,12,1,1.2
28,face_04_swift_1200mHz,house_04_swift_1000mHz,face,house,15,12,1.2,1
29,house_04_swift_1200mHz,face_04_swift_1000mHz,house,face,12,15,1.2,1
30,house_04_swift_1000mHz,face_04_swift_1200mHz,house,face,12,15,1,1.2
31,house_04_swift_1200mHz,face_04_swift_1000mHz,house,face,15,12,1.2,1
32,house_04_swift_1000mHz,face_04_swift_1200mHz,house,face,15,12,1,1.2
33,face_05_swift_1000mHz,house_05_swift_1200mHz,face,house,12,15,1,1.2
34,face_05_swift_1200mHz,house_05_swift_1000mHz,face,house,12,15,1.2,1
35,face_05_swift_1000mHz,house_05_swift_1200mHz,face,house,15,12,1,1.2
36,face_05_swift_1200mHz,house_05_swift_1000mHz,face,house,15,12,1.2,1
37,house_05_swift_1200mHz,face_05_swift_1000mHz,house,face,12,15,1.2,1
38,house_05_swift_1000mHz,face_05_swift_1200mHz,house,face,12,15,1,1.2
39,house_05_swift_1200mHz,face_05_swift_1000mHz,house,face,15,12,1.2,1
40,house_05_swift_1000mHz,face_05_swift_1200mHz,house,face,15,12,1,1.2
41,face_06_swift_1000mHz,house_06_swift_1200mHz,face,house,12,15,1,1.2
42,face_06_swift_1200mHz,house_06_swift_1000mHz,face,house,12,15,1.2,1
43,face_06_swift_1000mHz,house_06_swift_1200mHz,face,house,15,12,1,1.2
44,face_06_swift_1200mHz,house_06_swift_1000mHz,face,house,15,12,1.2,1
45,house_06_swift_1200mHz,face_06_swift_1000mHz,house,face,12,15,1.2,1
46,house_06_swift_1000mHz,face_06_swift_1200mHz,house,face,12,15,1,1.2
47,house_06_swift_1200mHz,face_06_swift_1000mHz,house,face,15,12,1.2,1
48,house_06_swift_1000mHz,face_06_swift_1200mHz,house,face,15,12,1,1.2
49,face_07_swift_1000mHz,house_07_swift_1200mHz,face,house,12,15,1,1.2
50,face_07_swift_1200mHz,house_07_swift_1000mHz,face,house,12,15,1.2,1
51,face_07_swift_1000mHz,house_07_swift_1200mHz,face,house,15,12,1,1.2
52,face_07_swift_1200mHz,house_07_swift_1000mHz,face,house,15,12,1.2,1
53,house_07_swift_1200mHz,face_07_swift_1000mHz,house,face,12,15,1.2,1
54,house_07_swift_1000mHz,face_07_swift_1200mHz,house,face,12,15,1,1.2
55,house_07_swift_1200mHz,face_07_swift_1000mHz,house,face,15,12,1.2,1
56,house_07_swift_1000mHz,face_07_swift_1200mHz,house,face,15,12,1,1.2
57,face_08_swift_1000mHz,house_08_swift_1200mHz,face,house,12,15,1,1.2
58,face_08_swift_1200mHz,house_08_swift_1000mHz,face,house,12,15,1.2,1
59,face_08_swift_1000mHz,house_08_swift_1200mHz,face,house,15,12,1,1.2
60,face_08_swift_1200mHz,house_08_swift_1000mHz,face,house,15,12,1.2,1
61,house_08_swift_1200mHz,face_08_swift_1000mHz,house,face,12,15,1.2,1
62,house_08_swift_1000mHz,face_08_swift_1200mHz,house,face,12,15,1,1.2
63,house_08_swift_1200mHz,face_08_swift_1000mHz,house,face,15,12,1.2,1
64,house_08_swift_1000mHz,face_08_swift_1200mHz,house,face,15,12,1,1.2
65,face_09_swift_1000mHz,house_09_swift_1200mHz,face,house,12,15,1,1.2
66,face_09_swift_1200mHz,house_09_swift_1000mHz,face,house,12,15,1.2,1
67,face_09_swift_1000mHz,house_09_swift_1200mHz,face,house,15,12,1,1.2
68,face_09_swift_1200mHz,house_09_swift_1000mHz,face,house,15,12,1.2,1
69,house_09_swift_1200mHz,face_09_swift_1000mHz,house,face,12,15,1.2,1
70,house_09_swift_1000mHz,face_09_swift_1200mHz,house,face,12,15,1,1.2
71,house_09_swift_1200mHz,face_09_swift_1000mHz,house,face,15,12,1.2,1
72,house_09_swift_1000mHz,face_09_swift_1200mHz,house,face,15,12,1,1.2
73,face_10_swift_1000mHz,house_10_swift_1200mHz,face,house,12,15,1,1.2
74,face_10_swift_1200mHz,house_10_swift_1000mHz,face,house,12,15,1.2,1
75,face_10_swift_1000mHz,house_10_swift_1200mHz,face,house,15,12,1,1.2
76,face_10_swift_1200mHz,house_10_swift_1000mHz,face,house,15,12,1.2,1
77,house_10_swift_1200mHz,face_10_swift_1000mHz,house,face,12,15,1.2,1
78,house_10_swift_1000mHz,face_10_swift_1200mHz,house,face,12,15,1,1.2
79,house_10_swift_1200mHz,face_10_swift_1000mHz,house,face,15,12,1.2,1
80,house_10_swift_1000mHz,face_10_swift_1200mHz,house,face,15,12,1,1.2
